0,11,5,(((1004.01, 9677.98), (1024.01, 9677.98), (1024.01, 9657.98), (1004.01, 9657.98), (1004.01, 9677.98)))
0,11,32,(((1004.01, 9677.98), (1024.01, 9677.98), (1024.01, 9657.98), (1004.01, 9657.98), (1004.01, 9677.98)))
0,29,2,(((6273.76, 10055.6), (6293.76, 10055.6), (6293.76, 10035.6), (6273.76, 10035.6), (6273.76, 10055.6)))
1,39,21,(((6861.4, 9647.85), (6881.4, 9647.85), (6881.4, 9627.85), (6861.4, 9627.85), (6861.4, 9647.85)))
1,40,21,(((6861.4, 9647.85), (6881.4, 9647.85), (6881.4, 9627.85), (6861.4, 9627.85), (6861.4, 9647.85)))
2,6,18,(((587.962, 8067.36), (607.962, 8067.36), (607.962, 8047.36), (587.962, 8047.36), (587.962, 8067.36)))
2,3,1,(((4284.19, 9106.45), (4304.19, 9106.45), (4304.19, 9086.45), (4284.19, 9086.45), (4284.19, 9106.45)))
2,44,7,(((4433.4, 2076.74), (4453.4, 2076.74), (4453.4, 2056.74), (4433.4, 2056.74), (4433.4, 2076.74)))
2,49,48,(((8144.55, 12462.2), (8164.55, 12462.2), (8164.55, 12442.2), (8144.55, 12442.2), (8144.55, 12462.2)))
3,2,18,(((6251.96, 9880.79), (6271.96, 9880.79), (6271.96, 9860.79), (6251.96, 9860.79), (6251.96, 9880.79)))
3,23,43,(((4786.89, 12690), (4806.89, 12690), (4806.89, 12670), (4786.89, 12670), (4786.89, 12690)))
3,31,18,(((6251.96, 9880.79), (6271.96, 9880.79), (6271.96, 9860.79), (6251.96, 9860.79), (6251.96, 9880.79)))
3,47,39,(((6961.82, 10650), (6981.82, 10650), (6981.82, 10630), (6961.82, 10630), (6961.82, 10650)))
3,24,21,(((8208.82, 7935.4), (8228.82, 7935.4), (8228.82, 7915.4), (8208.82, 7915.4), (8208.82, 7935.4)))
3,43,34,(((4696.8, 14652.8), (4716.8, 14652.8), (4716.8, 14632.8), (4696.8, 14632.8), (4696.8, 14652.8)))
3,44,6,(((4433.4, 2076.74), (4453.4, 2076.74), (4453.4, 2056.74), (4433.4, 2056.74), (4433.4, 2076.74)))
3,7,6,(((4433.4, 2076.74), (4453.4, 2076.74), (4453.4, 2056.74), (4433.4, 2056.74), (4433.4, 2076.74)))
3,49,22,(((6480.35, 13597.6), (6500.35, 13597.6), (6500.35, 13577.6), (6480.35, 13577.6), (6480.35, 13597.6)))
3,49,28,(((6480.35, 13597.6), (6500.35, 13597.6), (6500.35, 13577.6), (6480.35, 13577.6), (6480.35, 13597.6)))
3,1,6,(((4453.4, 2076.74), (4453.4, 2056.74), (4433.4, 2056.74), (4433.4, 2076.74), (4453.4, 2076.74)))
4,3,38,(((4179.18, 8670.7), (4199.18, 8670.7), (4199.18, 8650.7), (4179.18, 8650.7), (4179.18, 8670.7)))
4,28,21,(((11823, 5418.06), (11843, 5418.06), (11843, 5398.06), (11823, 5398.06), (11823, 5418.06)))
4,28,31,(((11823, 5418.06), (11843, 5418.06), (11843, 5398.06), (11823, 5398.06), (11823, 5418.06)))
4,28,42,(((11823, 5418.06), (11843, 5418.06), (11843, 5398.06), (11823, 5398.06), (11823, 5418.06)))
4,10,16,(((7483.46, 9440.37), (7503.46, 9440.37), (7503.46, 9420.37), (7483.46, 9420.37), (7483.46, 9440.37)))
4,23,34,(((5814.68, 13346.4), (5834.68, 13346.4), (5834.68, 13326.4), (5814.68, 13326.4), (5814.68, 13346.4)))
4,45,47,(((3231.16, 14067.3), (3251.16, 14067.3), (3251.16, 14047.3), (3231.16, 14047.3), (3231.16, 14067.3)))
5,30,33,(((3231.73, 15304.1), (3251.73, 15304.1), (3251.73, 15284.1), (3231.73, 15284.1), (3231.73, 15304.1)))
5,38,0,(((3618.51, 14720.3), (3638.51, 14720.3), (3638.51, 14700.3), (3618.51, 14700.3), (3618.51, 14720.3)))
5,38,7,(((3618.51, 14720.3), (3638.51, 14720.3), (3638.51, 14700.3), (3618.51, 14700.3), (3618.51, 14720.3)))
5,38,20,(((3618.51, 14720.3), (3638.51, 14720.3), (3638.51, 14700.3), (3618.51, 14700.3), (3618.51, 14720.3)))
5,38,28,(((3618.51, 14720.3), (3638.51, 14720.3), (3638.51, 14700.3), (3618.51, 14700.3), (3618.51, 14720.3)))
5,38,46,(((3618.51, 14720.3), (3638.51, 14720.3), (3638.51, 14700.3), (3618.51, 14700.3), (3618.51, 14720.3)))
5,43,30,(((5775.65, 14547.6), (5795.65, 14547.6), (5795.65, 14527.6), (5775.65, 14527.6), (5775.65, 14547.6)))
7,11,17,(((1004.01, 9677.98), (1024.01, 9677.98), (1024.01, 9657.98), (1004.01, 9657.98), (1004.01, 9677.98)))
7,29,3,(((6273.76, 10055.6), (6293.76, 10055.6), (6293.76, 10035.6), (6273.76, 10035.6), (6273.76, 10055.6)))
7,29,9,(((6273.76, 10055.6), (6293.76, 10055.6), (6293.76, 10035.6), (6273.76, 10035.6), (6273.76, 10055.6)))
7,1,13,(((7131.68, 9847.7), (7151.68, 9847.7), (7151.68, 9827.7), (7131.68, 9827.7), (7131.68, 9847.7)))
7,2,3,(((6273.76, 10055.6), (6293.76, 10055.6), (6293.76, 10035.6), (6273.76, 10035.6), (6273.76, 10055.6)))
7,2,9,(((6273.76, 10055.6), (6293.76, 10055.6), (6293.76, 10035.6), (6273.76, 10035.6), (6273.76, 10055.6)))
7,5,17,(((1004.01, 9677.98), (1024.01, 9677.98), (1024.01, 9657.98), (1004.01, 9657.98), (1004.01, 9677.98)))
7,12,14,(((3849.78, 13586.6), (3869.78, 13586.6), (3869.78, 13566.6), (3849.78, 13566.6), (3849.78, 13586.6)))
7,13,27,(((3161.72, 14488.6), (3181.72, 14488.6), (3181.72, 14468.6), (3161.72, 14468.6), (3161.72, 14488.6)))
7,14,14,(((3849.78, 13586.6), (3869.78, 13586.6), (3869.78, 13566.6), (3849.78, 13566.6), (3849.78, 13586.6)))
7,32,17,(((1004.01, 9677.98), (1024.01, 9677.98), (1024.01, 9657.98), (1004.01, 9657.98), (1004.01, 9677.98)))
7,40,35,(((7412.88, 6890.36), (7432.88, 6890.36), (7432.88, 6870.36), (7412.88, 6870.36), (7412.88, 6890.36)))
7,41,35,(((7412.88, 6890.36), (7432.88, 6890.36), (7432.88, 6870.36), (7412.88, 6870.36), (7412.88, 6890.36)))
7,14,37,(((799.716, 8873.09), (819.716, 8873.09), (819.716, 8853.09), (799.716, 8853.09), (799.716, 8873.09)))
7,17,37,(((799.716, 8873.09), (819.716, 8873.09), (819.716, 8853.09), (799.716, 8853.09), (799.716, 8873.09)))
7,40,40,(((3594.99, 12824.1), (3614.99, 12824.1), (3614.99, 12804.1), (3594.99, 12804.1), (3594.99, 12824.1)))
7,1,34,(((3780.34, 8577.78), (3800.34, 8577.78), (3800.34, 8557.78), (3780.34, 8557.78), (3780.34, 8577.78)))
7,14,4,(((3231.73, 15186.2), (3251.73, 15186.2), (3251.73, 15166.2), (3231.73, 15166.2), (3231.73, 15186.2)))
7,17,6,(((3794.69, 10855), (3814.69, 10855), (3814.69, 10835), (3794.69, 10835), (3794.69, 10855)))
7,45,15,(((3231.16, 14067.3), (3251.16, 14067.3), (3251.16, 14047.3), (3231.16, 14047.3), (3231.16, 14067.3)))
7,12,11,(((3231.16, 14253.1), (3251.16, 14253.1), (3251.16, 14233.1), (3231.16, 14233.1), (3231.16, 14253.1)))
7,36,21,(((3578.34, 10921.2), (3598.34, 10921.2), (3598.34, 10901.2), (3578.34, 10901.2), (3578.34, 10921.2)))
7,40,26,(((6561.84, 13388.9), (6581.84, 13388.9), (6581.84, 13368.9), (6561.84, 13368.9), (6561.84, 13388.9)))
7,47,15,(((3231.16, 14067.3), (3251.16, 14067.3), (3251.16, 14047.3), (3231.16, 14047.3), (3231.16, 14067.3)))
8,2,2,(((6251.96, 9880.79), (6271.96, 9880.79), (6271.96, 9860.79), (6251.96, 9860.79), (6251.96, 9880.79)))
8,2,48,(((6251.96, 9880.79), (6271.96, 9880.79), (6271.96, 9860.79), (6251.96, 9860.79), (6251.96, 9880.79)))
8,6,10,(((587.962, 8067.36), (607.962, 8067.36), (607.962, 8047.36), (587.962, 8047.36), (587.962, 8067.36)))
8,6,11,(((587.962, 8067.36), (607.962, 8067.36), (607.962, 8047.36), (587.962, 8047.36), (587.962, 8067.36)))
8,11,39,(((1004.01, 9677.98), (1024.01, 9677.98), (1024.01, 9657.98), (1004.01, 9657.98), (1004.01, 9677.98)))
8,16,0,(((5867.47, 14589.2), (5887.47, 14589.2), (5887.47, 14569.2), (5867.47, 14569.2), (5867.47, 14589.2)))
8,16,29,(((5867.47, 14589.2), (5887.47, 14589.2), (5887.47, 14569.2), (5867.47, 14569.2), (5867.47, 14589.2)))
8,16,36,(((5867.47, 14589.2), (5887.47, 14589.2), (5887.47, 14569.2), (5867.47, 14569.2), (5867.47, 14589.2)))
8,16,42,(((5867.47, 14589.2), (5887.47, 14589.2), (5887.47, 14569.2), (5867.47, 14569.2), (5867.47, 14589.2)))
8,31,2,(((6251.96, 9880.79), (6271.96, 9880.79), (6271.96, 9860.79), (6251.96, 9860.79), (6251.96, 9880.79)))
8,31,48,(((6251.96, 9880.79), (6271.96, 9880.79), (6271.96, 9860.79), (6251.96, 9860.79), (6251.96, 9880.79)))
8,1,26,(((7131.68, 9847.7), (7151.68, 9847.7), (7151.68, 9827.7), (7131.68, 9827.7), (7131.68, 9847.7)))
8,5,39,(((1004.01, 9677.98), (1024.01, 9677.98), (1024.01, 9657.98), (1004.01, 9657.98), (1004.01, 9677.98)))
8,13,24,(((3161.72, 14488.6), (3181.72, 14488.6), (3181.72, 14468.6), (3161.72, 14468.6), (3161.72, 14488.6)))
8,13,35,(((3161.72, 14488.6), (3181.72, 14488.6), (3181.72, 14468.6), (3161.72, 14468.6), (3161.72, 14488.6)))
8,32,39,(((1004.01, 9677.98), (1024.01, 9677.98), (1024.01, 9657.98), (1004.01, 9657.98), (1004.01, 9677.98)))
8,28,38,(((11823, 5418.06), (11843, 5418.06), (11843, 5398.06), (11823, 5398.06), (11823, 5418.06)))
8,28,40,(((11823, 5418.06), (11843, 5418.06), (11843, 5398.06), (11823, 5398.06), (11823, 5418.06)))
8,4,30,(((898.42, 8065.66), (918.42, 8065.66), (918.42, 8045.66), (898.42, 8045.66), (898.42, 8065.66)))
8,18,10,(((587.962, 8067.36), (607.962, 8067.36), (607.962, 8047.36), (587.962, 8047.36), (587.962, 8067.36)))
8,18,11,(((587.962, 8067.36), (607.962, 8067.36), (607.962, 8047.36), (587.962, 8047.36), (587.962, 8067.36)))
8,40,13,(((3594.99, 12824.1), (3614.99, 12824.1), (3614.99, 12804.1), (3594.99, 12804.1), (3594.99, 12824.1)))
8,40,14,(((3594.99, 12824.1), (3614.99, 12824.1), (3614.99, 12804.1), (3594.99, 12804.1), (3594.99, 12824.1)))
8,40,17,(((3594.99, 12824.1), (3614.99, 12824.1), (3614.99, 12804.1), (3594.99, 12804.1), (3594.99, 12824.1)))
8,18,2,(((6251.96, 9880.79), (6271.96, 9880.79), (6271.96, 9860.79), (6251.96, 9860.79), (6251.96, 9880.79)))
8,18,48,(((6251.96, 9880.79), (6271.96, 9880.79), (6271.96, 9860.79), (6251.96, 9860.79), (6251.96, 9880.79)))
8,21,38,(((11823, 5418.06), (11843, 5418.06), (11843, 5398.06), (11823, 5398.06), (11823, 5418.06)))
8,21,40,(((11823, 5418.06), (11843, 5418.06), (11843, 5398.06), (11823, 5398.06), (11823, 5418.06)))
8,24,8,(((741.182, 8066.08), (761.182, 8066.08), (761.182, 8046.08), (741.182, 8046.08), (741.182, 8066.08)))
8,24,9,(((741.182, 8066.08), (761.182, 8066.08), (761.182, 8046.08), (741.182, 8046.08), (741.182, 8066.08)))
8,24,20,(((741.182, 8066.08), (761.182, 8066.08), (761.182, 8046.08), (741.182, 8046.08), (741.182, 8066.08)))
8,31,38,(((11823, 5418.06), (11843, 5418.06), (11843, 5398.06), (11823, 5398.06), (11823, 5418.06)))
8,31,40,(((11823, 5418.06), (11843, 5418.06), (11843, 5398.06), (11823, 5398.06), (11823, 5418.06)))
8,40,15,(((6561.84, 13388.9), (6581.84, 13388.9), (6581.84, 13368.9), (6561.84, 13368.9), (6561.84, 13388.9)))
8,40,21,(((6561.84, 13388.9), (6581.84, 13388.9), (6581.84, 13368.9), (6561.84, 13368.9), (6561.84, 13388.9)))
8,40,45,(((6561.84, 13388.9), (6581.84, 13388.9), (6581.84, 13368.9), (6561.84, 13368.9), (6561.84, 13388.9)))
8,42,38,(((11823, 5418.06), (11843, 5418.06), (11843, 5398.06), (11823, 5398.06), (11823, 5418.06)))
8,42,40,(((11823, 5418.06), (11843, 5418.06), (11843, 5398.06), (11823, 5398.06), (11823, 5418.06)))
8,10,12,(((6077.42, 14201), (6077.42, 14200.5), (6067.75, 14200.5), (6067.75, 14201), (6077.42, 14201)))
8,11,12,(((6067.75, 14201), (6087.75, 14201), (6087.75, 14181), (6067.75, 14181), (6067.75, 14201)))
8,12,41,(((3618.51, 14066.9), (3638.51, 14066.9), (3638.51, 14046.9), (3618.51, 14046.9), (3618.51, 14066.9)))
8,16,41,(((3618.51, 14066.9), (3638.51, 14066.9), (3638.51, 14046.9), (3618.51, 14046.9), (3618.51, 14066.9)))
8,18,41,(((3618.51, 14066.9), (3638.51, 14066.9), (3638.51, 14046.9), (3618.51, 14046.9), (3618.51, 14066.9)))
8,21,41,(((3618.51, 14066.9), (3638.51, 14066.9), (3638.51, 14046.9), (3618.51, 14046.9), (3618.51, 14066.9)))
8,32,41,(((3618.51, 14066.9), (3638.51, 14066.9), (3638.51, 14046.9), (3618.51, 14046.9), (3618.51, 14066.9)))
8,36,41,(((3618.51, 14066.9), (3638.51, 14066.9), (3638.51, 14046.9), (3618.51, 14046.9), (3618.51, 14066.9)))
8,37,41,(((3618.51, 14066.9), (3638.51, 14066.9), (3638.51, 14046.9), (3618.51, 14046.9), (3618.51, 14066.9)))
8,40,41,(((3618.51, 14066.9), (3638.51, 14066.9), (3638.51, 14046.9), (3618.51, 14046.9), (3618.51, 14066.9)))
8,44,41,(((3618.51, 14066.9), (3638.51, 14066.9), (3638.51, 14046.9), (3618.51, 14046.9), (3618.51, 14066.9)))
8,13,26,(((7131.68, 9847.7), (7151.68, 9847.7), (7151.68, 9827.7), (7131.68, 9827.7), (7131.68, 9847.7)))
8,17,39,(((1004.01, 9677.98), (1024.01, 9677.98), (1024.01, 9657.98), (1004.01, 9657.98), (1004.01, 9677.98)))
8,26,15,(((6561.84, 13388.9), (6581.84, 13388.9), (6581.84, 13368.9), (6561.84, 13368.9), (6561.84, 13388.9)))
8,26,21,(((6561.84, 13388.9), (6581.84, 13388.9), (6581.84, 13368.9), (6561.84, 13368.9), (6561.84, 13388.9)))
8,26,45,(((6561.84, 13388.9), (6581.84, 13388.9), (6581.84, 13368.9), (6561.84, 13368.9), (6561.84, 13388.9)))
8,27,24,(((3161.72, 14488.6), (3181.72, 14488.6), (3181.72, 14468.6), (3161.72, 14468.6), (3161.72, 14488.6)))
8,27,35,(((3161.72, 14488.6), (3181.72, 14488.6), (3181.72, 14468.6), (3161.72, 14468.6), (3161.72, 14488.6)))
8,40,13,(((3594.99, 12824.1), (3614.99, 12824.1), (3614.99, 12804.1), (3594.99, 12804.1), (3594.99, 12824.1)))
8,40,14,(((3594.99, 12824.1), (3614.99, 12824.1), (3614.99, 12804.1), (3594.99, 12804.1), (3594.99, 12824.1)))
8,40,17,(((3594.99, 12824.1), (3614.99, 12824.1), (3614.99, 12804.1), (3594.99, 12804.1), (3594.99, 12824.1)))
8,0,39,(((1024.01, 9677.98), (1024.01, 9657.98), (1004.01, 9657.98), (1004.01, 9677.98), (1024.01, 9677.98)))
8,0,26,(((7151.68, 9847.7), (7151.68, 9827.7), (7131.68, 9827.7), (7131.68, 9847.7), (7151.68, 9847.7)))
8,3,39,(((1024.01, 9677.98), (1024.01, 9657.98), (1004.01, 9657.98), (1004.01, 9677.98), (1024.01, 9677.98)))
8,5,24,(((3181.72, 14488.6), (3181.72, 14468.6), (3161.72, 14468.6), (3161.72, 14488.6), (3181.72, 14488.6)))
8,5,35,(((3181.72, 14488.6), (3181.72, 14468.6), (3161.72, 14468.6), (3161.72, 14488.6), (3181.72, 14488.6)))
8,7,39,(((1024.01, 9677.98), (1024.01, 9657.98), (1004.01, 9657.98), (1004.01, 9677.98), (1024.01, 9677.98)))
8,2,13,(((3614.99, 12824.1), (3614.99, 12804.1), (3594.99, 12804.1), (3594.99, 12824.1), (3614.99, 12824.1)))
8,2,14,(((3614.99, 12824.1), (3614.99, 12804.1), (3594.99, 12804.1), (3594.99, 12824.1), (3614.99, 12824.1)))
8,2,17,(((3614.99, 12824.1), (3614.99, 12804.1), (3594.99, 12804.1), (3594.99, 12824.1), (3614.99, 12824.1)))
8,2,15,(((6581.84, 13388.9), (6581.84, 13368.9), (6561.84, 13368.9), (6561.84, 13388.9), (6581.84, 13388.9)))
8,2,21,(((6581.84, 13388.9), (6581.84, 13368.9), (6561.84, 13368.9), (6561.84, 13388.9), (6581.84, 13388.9)))
8,2,45,(((6581.84, 13388.9), (6581.84, 13368.9), (6561.84, 13368.9), (6561.84, 13388.9), (6581.84, 13388.9)))
9,6,27,(((6029.3, 5099.41), (6049.3, 5099.41), (6049.3, 5079.41), (6029.3, 5079.41), (6029.3, 5099.41)))
9,16,27,(((6029.3, 5099.41), (6049.3, 5099.41), (6049.3, 5079.41), (6029.3, 5079.41), (6029.3, 5099.41)))
9,19,42,(((952.363, 9475.59), (972.363, 9475.59), (972.363, 9455.59), (952.363, 9455.59), (952.363, 9475.59)))
9,24,9,(((8208.82, 7935.4), (8228.82, 7935.4), (8228.82, 7915.4), (8208.82, 7915.4), (8208.82, 7935.4)))
9,44,36,(((4433.4, 2076.74), (4453.4, 2076.74), (4453.4, 2056.74), (4433.4, 2056.74), (4433.4, 2076.74)))
9,7,36,(((4433.4, 2076.74), (4453.4, 2076.74), (4453.4, 2056.74), (4433.4, 2056.74), (4433.4, 2076.74)))
9,26,24,(((4382.32, 8858.67), (4402.32, 8858.67), (4402.32, 8838.67), (4382.32, 8838.67), (4382.32, 8858.67)))
9,6,36,(((4433.4, 2076.74), (4453.4, 2076.74), (4453.4, 2056.74), (4433.4, 2056.74), (4433.4, 2076.74)))
9,20,40,(((581.649, 13247.6), (601.649, 13247.6), (601.649, 13227.6), (581.649, 13227.6), (581.649, 13247.6)))
9,21,9,(((8208.82, 7935.4), (8228.82, 7935.4), (8228.82, 7915.4), (8208.82, 7915.4), (8208.82, 7935.4)))
9,37,18,(((8061.34, 8319.81), (8081.34, 8319.81), (8081.34, 8299.81), (8061.34, 8299.81), (8061.34, 8319.81)))
9,44,6,(((32.4656, 8170.46), (52.4656, 8170.46), (52.4656, 8150.46), (32.4656, 8150.46), (32.4656, 8170.46)))
9,5,47,(((8310.96, 9372.49), (8330.96, 9372.49), (8330.96, 9352.49), (8310.96, 9352.49), (8310.96, 9372.49)))
9,29,12,(((1305.86, 11104.9), (1325.86, 11104.9), (1325.86, 11084.9), (1305.86, 11084.9), (1305.86, 11104.9)))
9,12,5,(((6038.4, 13301.9), (6038.4, 13282.7), (6029.87, 13282.7), (6029.87, 13301.9), (6038.4, 13301.9)))
9,28,49,(((6284.67, 14212.8), (6304.67, 14212.8), (6304.67, 14192.8), (6284.67, 14192.8), (6284.67, 14212.8)))
9,42,49,(((6284.67, 14212.8), (6304.67, 14212.8), (6304.67, 14192.8), (6284.67, 14192.8), (6284.67, 14212.8)))
9,31,13,(((1655.34, 7760.17), (1675.34, 7760.17), (1675.34, 7740.17), (1655.34, 7740.17), (1655.34, 7760.17)))
10,15,46,(((6312.21, 12490.6), (6332.21, 12490.6), (6332.21, 12470.6), (6312.21, 12470.6), (6312.21, 12490.6)))
10,30,1,(((3231.73, 15304.1), (3251.73, 15304.1), (3251.73, 15284.1), (3231.73, 15284.1), (3231.73, 15304.1)))
10,46,31,(((6090.7, 14441.5), (6110.7, 14441.5), (6110.7, 14421.5), (6090.7, 14421.5), (6090.7, 14441.5)))
10,28,12,(((11823, 5418.06), (11843, 5418.06), (11843, 5398.06), (11823, 5398.06), (11823, 5418.06)))
10,12,22,(((3618.51, 14488.2), (3638.51, 14488.2), (3638.51, 14468.2), (3618.51, 14468.2), (3618.51, 14488.2)))
10,21,12,(((11823, 5418.06), (11843, 5418.06), (11843, 5398.06), (11823, 5398.06), (11823, 5418.06)))
10,31,12,(((11823, 5418.06), (11843, 5418.06), (11843, 5398.06), (11823, 5398.06), (11823, 5418.06)))
10,40,18,(((6561.84, 13388.9), (6581.84, 13388.9), (6581.84, 13368.9), (6561.84, 13368.9), (6561.84, 13388.9)))
10,42,12,(((11823, 5418.06), (11843, 5418.06), (11843, 5398.06), (11823, 5398.06), (11823, 5418.06)))
10,5,27,(((3618.51, 14952), (3638.51, 14952), (3638.51, 14932), (3618.51, 14932), (3618.51, 14952)))
10,8,27,(((3618.51, 14952), (3638.51, 14952), (3638.51, 14932), (3618.51, 14932), (3618.51, 14952)))
10,9,27,(((3618.51, 14952), (3638.51, 14952), (3638.51, 14932), (3618.51, 14932), (3618.51, 14952)))
10,10,40,(((6057.42, 14220.5), (6077.42, 14220.5), (6077.42, 14200.5), (6057.42, 14200.5), (6057.42, 14220.5)))
10,11,40,(((6067.75, 14200.5), (6067.75, 14201), (6077.42, 14201), (6077.42, 14200.5), (6067.75, 14200.5)))
10,22,27,(((3618.51, 14952), (3638.51, 14952), (3638.51, 14932), (3618.51, 14932), (3618.51, 14952)))
10,25,27,(((3618.51, 14952), (3638.51, 14952), (3638.51, 14932), (3618.51, 14932), (3618.51, 14952)))
10,33,1,(((3231.73, 15304.1), (3251.73, 15304.1), (3251.73, 15284.1), (3231.73, 15284.1), (3231.73, 15304.1)))
10,38,27,(((3618.51, 14952), (3638.51, 14952), (3638.51, 14932), (3618.51, 14932), (3618.51, 14952)))
10,39,27,(((3618.51, 14952), (3638.51, 14952), (3638.51, 14932), (3618.51, 14932), (3618.51, 14952)))
10,47,27,(((3618.51, 14952), (3638.51, 14952), (3638.51, 14932), (3618.51, 14932), (3618.51, 14952)))
10,48,44,(((4794.93, 14691.4), (4814.93, 14691.4), (4814.93, 14671.4), (4794.93, 14671.4), (4794.93, 14691.4)))
10,26,18,(((6561.84, 13388.9), (6581.84, 13388.9), (6581.84, 13368.9), (6561.84, 13368.9), (6561.84, 13388.9)))
10,32,49,(((7225.22, 9848.54), (7245.22, 9848.54), (7245.22, 9828.54), (7225.22, 9828.54), (7225.22, 9848.54)))
10,48,29,(((3618.51, 15190), (3638.51, 15190), (3638.51, 15170), (3618.51, 15170), (3618.51, 15190)))
10,12,40,(((6067.75, 14200.5), (6067.75, 14201), (6077.42, 14201), (6077.42, 14200.5), (6067.75, 14200.5)))
10,15,18,(((6561.84, 13388.9), (6581.84, 13388.9), (6581.84, 13368.9), (6561.84, 13368.9), (6561.84, 13388.9)))
10,21,18,(((6561.84, 13388.9), (6581.84, 13388.9), (6581.84, 13368.9), (6561.84, 13368.9), (6561.84, 13388.9)))
10,27,9,(((222.987, 12854.2), (242.987, 12854.2), (242.987, 12834.2), (222.987, 12834.2), (222.987, 12854.2)))
10,38,12,(((11823, 5418.06), (11843, 5418.06), (11843, 5398.06), (11823, 5398.06), (11823, 5418.06)))
10,40,12,(((11823, 5418.06), (11843, 5418.06), (11843, 5398.06), (11823, 5398.06), (11823, 5418.06)))
10,45,18,(((6561.84, 13388.9), (6581.84, 13388.9), (6581.84, 13368.9), (6561.84, 13368.9), (6561.84, 13388.9)))
10,8,14,(((307.344, 14828.5), (327.344, 14828.5), (327.344, 14808.5), (307.344, 14808.5), (307.344, 14828.5)))
10,32,10,(((7609.71, 10846.5), (7629.71, 10846.5), (7629.71, 10826.5), (7609.71, 10826.5), (7609.71, 10846.5)))
11,2,18,(((6251.96, 9880.79), (6271.96, 9880.79), (6271.96, 9860.79), (6251.96, 9860.79), (6251.96, 9880.79)))
11,2,24,(((6251.96, 9880.79), (6271.96, 9880.79), (6271.96, 9860.79), (6251.96, 9860.79), (6251.96, 9880.79)))
11,2,25,(((6251.96, 9880.79), (6271.96, 9880.79), (6271.96, 9860.79), (6251.96, 9860.79), (6251.96, 9880.79)))
11,2,33,(((6251.96, 9880.79), (6271.96, 9880.79), (6271.96, 9860.79), (6251.96, 9860.79), (6251.96, 9880.79)))
11,2,35,(((6251.96, 9880.79), (6271.96, 9880.79), (6271.96, 9860.79), (6251.96, 9860.79), (6251.96, 9880.79)))
11,2,40,(((6251.96, 9880.79), (6271.96, 9880.79), (6271.96, 9860.79), (6251.96, 9860.79), (6251.96, 9880.79)))
11,31,18,(((6251.96, 9880.79), (6271.96, 9880.79), (6271.96, 9860.79), (6251.96, 9860.79), (6251.96, 9880.79)))
11,31,24,(((6251.96, 9880.79), (6271.96, 9880.79), (6271.96, 9860.79), (6251.96, 9860.79), (6251.96, 9880.79)))
11,31,25,(((6251.96, 9880.79), (6271.96, 9880.79), (6271.96, 9860.79), (6251.96, 9860.79), (6251.96, 9880.79)))
11,31,33,(((6251.96, 9880.79), (6271.96, 9880.79), (6271.96, 9860.79), (6251.96, 9860.79), (6251.96, 9880.79)))
11,31,35,(((6251.96, 9880.79), (6271.96, 9880.79), (6271.96, 9860.79), (6251.96, 9860.79), (6251.96, 9880.79)))
11,31,40,(((6251.96, 9880.79), (6271.96, 9880.79), (6271.96, 9860.79), (6251.96, 9860.79), (6251.96, 9880.79)))
11,38,14,(((3618.51, 14720.3), (3638.51, 14720.3), (3638.51, 14700.3), (3618.51, 14700.3), (3618.51, 14720.3)))
11,38,37,(((3618.51, 14720.3), (3638.51, 14720.3), (3638.51, 14700.3), (3618.51, 14700.3), (3618.51, 14720.3)))
11,47,46,(((6961.82, 10650), (6981.82, 10650), (6981.82, 10630), (6961.82, 10630), (6961.82, 10650)))
11,43,49,(((4696.8, 14652.8), (4716.8, 14652.8), (4716.8, 14632.8), (4696.8, 14632.8), (4696.8, 14652.8)))
11,44,23,(((4433.4, 2076.74), (4453.4, 2076.74), (4453.4, 2056.74), (4433.4, 2056.74), (4433.4, 2076.74)))
11,44,38,(((4433.4, 2076.74), (4453.4, 2076.74), (4453.4, 2056.74), (4433.4, 2056.74), (4433.4, 2076.74)))
11,7,23,(((4433.4, 2076.74), (4453.4, 2076.74), (4453.4, 2056.74), (4433.4, 2056.74), (4433.4, 2076.74)))
11,7,38,(((4433.4, 2076.74), (4453.4, 2076.74), (4453.4, 2056.74), (4433.4, 2056.74), (4433.4, 2076.74)))
11,30,21,(((8957.71, 11357.3), (8977.71, 11357.3), (8977.71, 11337.3), (8957.71, 11337.3), (8957.71, 11357.3)))
11,6,23,(((4433.4, 2076.74), (4453.4, 2076.74), (4453.4, 2056.74), (4433.4, 2056.74), (4433.4, 2076.74)))
11,6,38,(((4433.4, 2076.74), (4453.4, 2076.74), (4453.4, 2056.74), (4433.4, 2056.74), (4433.4, 2076.74)))
11,12,12,(((3618.51, 14488.2), (3638.51, 14488.2), (3638.51, 14468.2), (3618.51, 14468.2), (3618.51, 14488.2)))
11,12,15,(((3618.51, 14488.2), (3638.51, 14488.2), (3638.51, 14468.2), (3618.51, 14468.2), (3618.51, 14488.2)))
11,18,18,(((6251.96, 9880.79), (6271.96, 9880.79), (6271.96, 9860.79), (6251.96, 9860.79), (6251.96, 9880.79)))
11,18,24,(((6251.96, 9880.79), (6271.96, 9880.79), (6271.96, 9860.79), (6251.96, 9860.79), (6251.96, 9880.79)))
11,18,25,(((6251.96, 9880.79), (6271.96, 9880.79), (6271.96, 9860.79), (6251.96, 9860.79), (6251.96, 9880.79)))
11,18,33,(((6251.96, 9880.79), (6271.96, 9880.79), (6271.96, 9860.79), (6251.96, 9860.79), (6251.96, 9880.79)))
11,18,35,(((6251.96, 9880.79), (6271.96, 9880.79), (6271.96, 9860.79), (6251.96, 9860.79), (6251.96, 9880.79)))
11,18,40,(((6251.96, 9880.79), (6271.96, 9880.79), (6271.96, 9860.79), (6251.96, 9860.79), (6251.96, 9880.79)))
11,34,49,(((4696.8, 14652.8), (4716.8, 14652.8), (4716.8, 14632.8), (4696.8, 14632.8), (4696.8, 14652.8)))
11,39,46,(((6961.82, 10650), (6981.82, 10650), (6981.82, 10630), (6961.82, 10630), (6961.82, 10650)))
11,12,1,(((3231.16, 14253.1), (3251.16, 14253.1), (3251.16, 14233.1), (3231.16, 14233.1), (3231.16, 14253.1)))
11,44,8,(((4375.44, 8291.81), (4395.44, 8291.81), (4395.44, 8271.81), (4375.44, 8271.81), (4375.44, 8291.81)))
11,0,14,(((3618.51, 14720.3), (3638.51, 14720.3), (3638.51, 14700.3), (3618.51, 14700.3), (3618.51, 14720.3)))
11,0,37,(((3618.51, 14720.3), (3638.51, 14720.3), (3638.51, 14700.3), (3618.51, 14700.3), (3618.51, 14720.3)))
11,4,19,(((3733.86, 14151.7), (3753.86, 14151.7), (3753.86, 14131.7), (3733.86, 14131.7), (3733.86, 14151.7)))
11,5,7,(((3618.51, 14952), (3638.51, 14952), (3638.51, 14932), (3618.51, 14932), (3618.51, 14952)))
11,7,14,(((3618.51, 14720.3), (3638.51, 14720.3), (3638.51, 14700.3), (3618.51, 14700.3), (3618.51, 14720.3)))
11,7,37,(((3618.51, 14720.3), (3638.51, 14720.3), (3638.51, 14700.3), (3618.51, 14700.3), (3618.51, 14720.3)))
11,8,7,(((3618.51, 14952), (3638.51, 14952), (3638.51, 14932), (3618.51, 14932), (3618.51, 14952)))
11,9,7,(((3618.51, 14952), (3638.51, 14952), (3638.51, 14932), (3618.51, 14932), (3618.51, 14952)))
11,12,20,(((3618.51, 14066.9), (3638.51, 14066.9), (3638.51, 14046.9), (3618.51, 14046.9), (3618.51, 14066.9)))
11,12,28,(((3618.51, 14066.9), (3638.51, 14066.9), (3638.51, 14046.9), (3618.51, 14046.9), (3618.51, 14066.9)))
11,16,20,(((3618.51, 14066.9), (3638.51, 14066.9), (3638.51, 14046.9), (3618.51, 14046.9), (3618.51, 14066.9)))
11,16,28,(((3618.51, 14066.9), (3638.51, 14066.9), (3638.51, 14046.9), (3618.51, 14046.9), (3618.51, 14066.9)))
11,18,20,(((3618.51, 14066.9), (3638.51, 14066.9), (3638.51, 14046.9), (3618.51, 14046.9), (3618.51, 14066.9)))
11,18,28,(((3618.51, 14066.9), (3638.51, 14066.9), (3638.51, 14046.9), (3618.51, 14046.9), (3618.51, 14066.9)))
11,20,14,(((3618.51, 14720.3), (3638.51, 14720.3), (3638.51, 14700.3), (3618.51, 14700.3), (3618.51, 14720.3)))
11,20,37,(((3618.51, 14720.3), (3638.51, 14720.3), (3638.51, 14700.3), (3618.51, 14700.3), (3618.51, 14720.3)))
11,21,20,(((3618.51, 14066.9), (3638.51, 14066.9), (3638.51, 14046.9), (3618.51, 14046.9), (3618.51, 14066.9)))
11,21,28,(((3618.51, 14066.9), (3638.51, 14066.9), (3638.51, 14046.9), (3618.51, 14046.9), (3618.51, 14066.9)))
11,22,7,(((3618.51, 14952), (3638.51, 14952), (3638.51, 14932), (3618.51, 14932), (3618.51, 14952)))
11,25,7,(((3618.51, 14952), (3638.51, 14952), (3638.51, 14932), (3618.51, 14932), (3618.51, 14952)))
11,28,14,(((3618.51, 14720.3), (3638.51, 14720.3), (3638.51, 14700.3), (3618.51, 14700.3), (3618.51, 14720.3)))
11,28,37,(((3618.51, 14720.3), (3638.51, 14720.3), (3638.51, 14700.3), (3618.51, 14700.3), (3618.51, 14720.3)))
11,32,20,(((3618.51, 14066.9), (3638.51, 14066.9), (3638.51, 14046.9), (3618.51, 14046.9), (3618.51, 14066.9)))
11,32,28,(((3618.51, 14066.9), (3638.51, 14066.9), (3638.51, 14046.9), (3618.51, 14046.9), (3618.51, 14066.9)))
11,36,20,(((3618.51, 14066.9), (3638.51, 14066.9), (3638.51, 14046.9), (3618.51, 14046.9), (3618.51, 14066.9)))
11,36,28,(((3618.51, 14066.9), (3638.51, 14066.9), (3638.51, 14046.9), (3618.51, 14046.9), (3618.51, 14066.9)))
11,37,20,(((3618.51, 14066.9), (3638.51, 14066.9), (3638.51, 14046.9), (3618.51, 14046.9), (3618.51, 14066.9)))
11,37,28,(((3618.51, 14066.9), (3638.51, 14066.9), (3638.51, 14046.9), (3618.51, 14046.9), (3618.51, 14066.9)))
11,38,7,(((3618.51, 14952), (3638.51, 14952), (3638.51, 14932), (3618.51, 14932), (3618.51, 14952)))
11,39,7,(((3618.51, 14952), (3638.51, 14952), (3638.51, 14932), (3618.51, 14932), (3618.51, 14952)))
11,40,20,(((3618.51, 14066.9), (3638.51, 14066.9), (3638.51, 14046.9), (3618.51, 14046.9), (3618.51, 14066.9)))
11,40,28,(((3618.51, 14066.9), (3638.51, 14066.9), (3638.51, 14046.9), (3618.51, 14046.9), (3618.51, 14066.9)))
11,44,20,(((3618.51, 14066.9), (3638.51, 14066.9), (3638.51, 14046.9), (3618.51, 14046.9), (3618.51, 14066.9)))
11,44,28,(((3618.51, 14066.9), (3638.51, 14066.9), (3638.51, 14046.9), (3618.51, 14046.9), (3618.51, 14066.9)))
11,46,14,(((3618.51, 14720.3), (3638.51, 14720.3), (3638.51, 14700.3), (3618.51, 14700.3), (3618.51, 14720.3)))
11,46,37,(((3618.51, 14720.3), (3638.51, 14720.3), (3638.51, 14700.3), (3618.51, 14700.3), (3618.51, 14720.3)))
11,47,7,(((3618.51, 14952), (3638.51, 14952), (3638.51, 14932), (3618.51, 14932), (3618.51, 14952)))
11,1,48,(((8516.98, 7948.98), (8536.98, 7948.98), (8536.98, 7928.98), (8516.98, 7928.98), (8516.98, 7948.98)))
11,5,48,(((8516.98, 7948.98), (8536.98, 7948.98), (8536.98, 7928.98), (8516.98, 7928.98), (8516.98, 7948.98)))
11,11,1,(((3231.16, 14253.1), (3251.16, 14253.1), (3251.16, 14233.1), (3231.16, 14233.1), (3231.16, 14253.1)))
11,23,16,(((4194.67, 14788.2), (4214.67, 14788.2), (4214.67, 14768.2), (4194.67, 14768.2), (4194.67, 14788.2)))
11,39,47,(((4281.9, 8997.41), (4301.9, 8997.41), (4301.9, 8977.41), (4281.9, 8977.41), (4281.9, 8997.41)))
11,2,18,(((6251.96, 9880.79), (6271.96, 9880.79), (6271.96, 9860.79), (6251.96, 9860.79), (6251.96, 9880.79)))
11,2,24,(((6251.96, 9880.79), (6271.96, 9880.79), (6271.96, 9860.79), (6251.96, 9860.79), (6251.96, 9880.79)))
11,2,25,(((6251.96, 9880.79), (6271.96, 9880.79), (6271.96, 9860.79), (6251.96, 9860.79), (6251.96, 9880.79)))
11,2,33,(((6251.96, 9880.79), (6271.96, 9880.79), (6271.96, 9860.79), (6251.96, 9860.79), (6251.96, 9880.79)))
11,2,35,(((6251.96, 9880.79), (6271.96, 9880.79), (6271.96, 9860.79), (6251.96, 9860.79), (6251.96, 9880.79)))
11,2,40,(((6251.96, 9880.79), (6271.96, 9880.79), (6271.96, 9860.79), (6251.96, 9860.79), (6251.96, 9880.79)))
11,6,2,(((4458.07, 9852.36), (4478.07, 9852.36), (4478.07, 9832.36), (4458.07, 9832.36), (4458.07, 9852.36)))
11,16,2,(((4458.07, 9852.36), (4478.07, 9852.36), (4478.07, 9832.36), (4458.07, 9832.36), (4458.07, 9852.36)))
11,41,20,(((3618.51, 14066.9), (3638.51, 14066.9), (3638.51, 14046.9), (3618.51, 14046.9), (3618.51, 14066.9)))
11,41,28,(((3618.51, 14066.9), (3638.51, 14066.9), (3638.51, 14046.9), (3618.51, 14046.9), (3618.51, 14066.9)))
11,48,18,(((6251.96, 9880.79), (6271.96, 9880.79), (6271.96, 9860.79), (6251.96, 9860.79), (6251.96, 9880.79)))
11,48,24,(((6251.96, 9880.79), (6271.96, 9880.79), (6271.96, 9860.79), (6251.96, 9860.79), (6251.96, 9880.79)))
11,48,25,(((6251.96, 9880.79), (6271.96, 9880.79), (6271.96, 9860.79), (6251.96, 9860.79), (6251.96, 9880.79)))
11,48,33,(((6251.96, 9880.79), (6271.96, 9880.79), (6271.96, 9860.79), (6251.96, 9860.79), (6251.96, 9880.79)))
11,48,35,(((6251.96, 9880.79), (6271.96, 9880.79), (6271.96, 9860.79), (6251.96, 9860.79), (6251.96, 9880.79)))
11,48,40,(((6251.96, 9880.79), (6271.96, 9880.79), (6271.96, 9860.79), (6251.96, 9860.79), (6251.96, 9880.79)))
11,36,23,(((4433.4, 2076.74), (4453.4, 2076.74), (4453.4, 2056.74), (4433.4, 2056.74), (4433.4, 2076.74)))
11,36,38,(((4433.4, 2076.74), (4453.4, 2076.74), (4453.4, 2056.74), (4433.4, 2056.74), (4433.4, 2076.74)))
11,22,12,(((3618.51, 14488.2), (3638.51, 14488.2), (3638.51, 14468.2), (3618.51, 14468.2), (3618.51, 14488.2)))
11,22,15,(((3618.51, 14488.2), (3638.51, 14488.2), (3638.51, 14468.2), (3618.51, 14468.2), (3618.51, 14488.2)))
11,27,7,(((3618.51, 14952), (3638.51, 14952), (3638.51, 14932), (3618.51, 14932), (3618.51, 14952)))
11,0,12,(((3638.51, 14488.2), (3638.51, 14468.2), (3618.51, 14468.2), (3618.51, 14488.2), (3638.51, 14488.2)))
11,0,15,(((3638.51, 14488.2), (3638.51, 14468.2), (3618.51, 14468.2), (3618.51, 14488.2), (3638.51, 14488.2)))
11,0,7,(((3638.51, 14952), (3638.51, 14932), (3618.51, 14932), (3618.51, 14952), (3638.51, 14952)))
11,1,7,(((3638.51, 14952), (3638.51, 14932), (3618.51, 14932), (3618.51, 14952), (3638.51, 14952)))
11,2,7,(((3638.51, 14952), (3638.51, 14932), (3618.51, 14932), (3618.51, 14952), (3638.51, 14952)))
11,5,7,(((3638.51, 14952), (3638.51, 14932), (3618.51, 14932), (3618.51, 14952), (3638.51, 14952)))
11,6,7,(((3638.51, 14952), (3638.51, 14932), (3618.51, 14932), (3618.51, 14952), (3638.51, 14952)))
11,8,7,(((3638.51, 14952), (3638.51, 14932), (3618.51, 14932), (3618.51, 14952), (3638.51, 14952)))
11,9,7,(((3638.51, 14952), (3638.51, 14932), (3618.51, 14932), (3618.51, 14952), (3638.51, 14952)))
11,10,7,(((3638.51, 14952), (3638.51, 14932), (3618.51, 14932), (3618.51, 14952), (3638.51, 14952)))
